file_name,relative_path,absolute_path,extension,file_role_guess,year_guess,period_guess,size_bytes,modified_time,sha256
2017__525107f198__2017_Report.pdf,MoF_Web_Crawl\2017__525107f198__2017_Report.pdf,E:\47\471\New Papers\Transforming AI-Driven Solutions\Codes\Data\MoF_Web_Crawl\2017__525107f198__2017_Report.pdf,.pdf,unknown,2017.0,,626841,2026-06-14T06:36:02,b39eb3d71362065d7cd756762415a62f3034cb6b8c2b4952846b79506c10d8cc
2017__bc14930962__2017_Report.pdf,MoF_Web_Crawl\2017__bc14930962__2017_Report.pdf,E:\47\471\New Papers\Transforming AI-Driven Solutions\Codes\Data\MoF_Web_Crawl\2017__bc14930962__2017_Report.pdf,.pdf,unknown,2017.0,,626841,2026-06-14T06:36:01,b39eb3d71362065d7cd756762415a62f3034cb6b8c2b4952846b79506c10d8cc
2017__Q2__eaeec7cca1__Q2_English.pdf,MoF_Web_Crawl\2017__Q2__eaeec7cca1__Q2_English.pdf,E:\47\471\New Papers\Transforming AI-Driven Solutions\Codes\Data\MoF_Web_Crawl\2017__Q2__eaeec7cca1__Q2_English.pdf,.pdf,unknown,2017.0,,569282,2026-06-14T06:36:06,335805fc8b8fa0f552f1c2a856f55192aa690a4d707d5fcc857b702bf6d6f333
2018__2dfae27e06__Q3E2018_oct29_.pdf,MoF_Web_Crawl\2018__2dfae27e06__Q3E2018_oct29_.pdf,E:\47\471\New Papers\Transforming AI-Driven Solutions\Codes\Data\MoF_Web_Crawl\2018__2dfae27e06__Q3E2018_oct29_.pdf,.pdf,unknown,2018.0,,592911,2026-06-14T06:36:07,43d0c7b3b68b4700421f584d83509a9bcd93b132f250bfa13fa395b0ccbb5c6d
2018__542244d8f9__Q3E2018_3_infographic_ND.PDF,MoF_Web_Crawl\2018__542244d8f9__Q3E2018_3_infographic_ND.PDF,E:\47\471\New Papers\Transforming AI-Driven Solutions\Codes\Data\MoF_Web_Crawl\2018__542244d8f9__Q3E2018_3_infographic_ND.PDF,.pdf,infographic_or_visual_summary,2018.0,,227604,2026-06-14T06:35:57,9e053bb51ef246695ec3828a9805a989e931a89c73dba1c2cd244d0877ca38f6
2018__6ee7657f4b__Q2E2018_report.pdf,MoF_Web_Crawl\2018__6ee7657f4b__Q2E2018_report.pdf,E:\47\471\New Papers\Transforming AI-Driven Solutions\Codes\Data\MoF_Web_Crawl\2018__6ee7657f4b__Q2E2018_report.pdf,.pdf,unknown,2018.0,,506878,2026-06-14T06:35:59,57c12d78b48e29ce257c0ed807a3f9374391307337f43af48bfd0c98d063676b
2018__735f2fc85d__Q3E2018_oct29_.pdf,MoF_Web_Crawl\2018__735f2fc85d__Q3E2018_oct29_.pdf,E:\47\471\New Papers\Transforming AI-Driven Solutions\Codes\Data\MoF_Web_Crawl\2018__735f2fc85d__Q3E2018_oct29_.pdf,.pdf,unknown,2018.0,,592911,2026-06-14T06:35:58,43d0c7b3b68b4700421f584d83509a9bcd93b132f250bfa13fa395b0ccbb5c6d
2018__a7de64d637__2018_Q1_E_Finaincial_Report.pdf,MoF_Web_Crawl\2018__a7de64d637__2018_Q1_E_Finaincial_Report.pdf,E:\47\471\New Papers\Transforming AI-Driven Solutions\Codes\Data\MoF_Web_Crawl\2018__a7de64d637__2018_Q1_E_Finaincial_Report.pdf,.pdf,unknown,2018.0,,543405,2026-06-14T06:36:00,8fde9b17601190bd6a8f2299d8dd7d286e337f1fa2fbfc08fdec697ac3fde644
2019__113406ae35__E.pdf,MoF_Web_Crawl\2019__113406ae35__E.pdf,E:\47\471\New Papers\Transforming AI-Driven Solutions\Codes\Data\MoF_Web_Crawl\2019__113406ae35__E.pdf,.pdf,unknown,2019.0,,749885,2026-06-14T06:35:50,9681c510acf5edc2cb283a2570af19be1c7b977c0ed944a81922087a76c9d543
2019__98551b8efd__info.pdf,MoF_Web_Crawl\2019__98551b8efd__info.pdf,E:\47\471\New Papers\Transforming AI-Driven Solutions\Codes\Data\MoF_Web_Crawl\2019__98551b8efd__info.pdf,.pdf,infographic_or_visual_summary,2019.0,,5881916,2026-06-14T06:35:55,5d43e4585ab6a2dff2c00570d4b0ce0a832eff90ea08e7e35d16b34dd13b354d
2019__f3730f835f__Q1E-201.pdf,MoF_Web_Crawl\2019__f3730f835f__Q1E-201.pdf,E:\47\471\New Papers\Transforming AI-Driven Solutions\Codes\Data\MoF_Web_Crawl\2019__f3730f835f__Q1E-201.pdf,.pdf,unknown,2019.0,,506925,2026-06-14T06:35:49,317c053119950e786e7bcf6fc39412dcf2405b9eb8bdac1cb82b808f7ea0b498
2019__Q2__0b2a3b4342__Q2_E_2019_Info2.pdf,MoF_Web_Crawl\2019__Q2__0b2a3b4342__Q2_E_2019_Info2.pdf,E:\47\471\New Papers\Transforming AI-Driven Solutions\Codes\Data\MoF_Web_Crawl\2019__Q2__0b2a3b4342__Q2_E_2019_Info2.pdf,.pdf,infographic_or_visual_summary,2019.0,,307615,2026-06-14T06:35:52,187138cff284b1c44735096f2bed606ec8c6cf9793ad19d8e22285b02a49e99d
2019__Q2__30e37b3587__Q2_E_2019.pdf,MoF_Web_Crawl\2019__Q2__30e37b3587__Q2_E_2019.pdf,E:\47\471\New Papers\Transforming AI-Driven Solutions\Codes\Data\MoF_Web_Crawl\2019__Q2__30e37b3587__Q2_E_2019.pdf,.pdf,unknown,2019.0,,583855,2026-06-14T06:35:51,506ef7d8b5476ed5df0d64cbde1d265460f48d70e23f6614a2821d293df8e75a
2019__Q3__776e6708e2__Q3_E_2019.pdf,MoF_Web_Crawl\2019__Q3__776e6708e2__Q3_E_2019.pdf,E:\47\471\New Papers\Transforming AI-Driven Solutions\Codes\Data\MoF_Web_Crawl\2019__Q3__776e6708e2__Q3_E_2019.pdf,.pdf,unknown,2019.0,,613883,2026-06-14T06:35:53,c906a75123e0b3a58e8fb34dbc8257be0e0112bfd172e27d408a96dd28c9887a
2019__Q4__cbd98d8001__Q4_E_2019.pdf,MoF_Web_Crawl\2019__Q4__cbd98d8001__Q4_E_2019.pdf,E:\47\471\New Papers\Transforming AI-Driven Solutions\Codes\Data\MoF_Web_Crawl\2019__Q4__cbd98d8001__Q4_E_2019.pdf,.pdf,unknown,2019.0,,1428309,2026-06-14T06:35:56,813891c88d3088bc789b0c30f50d7eced1ed1abc5f4ecdc3fb90c36005056d9d
2020__90ad7968b3__Q2E2020.pdf,MoF_Web_Crawl\2020__90ad7968b3__Q2E2020.pdf,E:\47\471\New Papers\Transforming AI-Driven Solutions\Codes\Data\MoF_Web_Crawl\2020__90ad7968b3__Q2E2020.pdf,.pdf,unknown,2020.0,,908602,2026-06-14T06:35:47,5995b34a8179be4efb86f5eacde028181ae6b08391fc59beae0b657a3c28e262
2020__dbd4540a4e__Q1_E_2020.pdf,MoF_Web_Crawl\2020__dbd4540a4e__Q1_E_2020.pdf,E:\47\471\New Papers\Transforming AI-Driven Solutions\Codes\Data\MoF_Web_Crawl\2020__dbd4540a4e__Q1_E_2020.pdf,.pdf,unknown,2020.0,,946017,2026-06-14T06:35:48,80f3379e1aec098eee7c4c632501332ff707d211e6a91f53c47f53aa44370266
2020__Q3__f93bd3568b__Q3_E_2020.pdf,MoF_Web_Crawl\2020__Q3__f93bd3568b__Q3_E_2020.pdf,E:\47\471\New Papers\Transforming AI-Driven Solutions\Codes\Data\MoF_Web_Crawl\2020__Q3__f93bd3568b__Q3_E_2020.pdf,.pdf,unknown,2020.0,,911464,2026-06-14T06:35:45,98744b60a5b4407eaf8655f28295376dc15b5c0fcbc2c74bbd5f88f879b6c4a8
2020__Q4__d9f12a8ea5__Q4-2020-.pdf,MoF_Web_Crawl\2020__Q4__d9f12a8ea5__Q4-2020-.pdf,E:\47\471\New Papers\Transforming AI-Driven Solutions\Codes\Data\MoF_Web_Crawl\2020__Q4__d9f12a8ea5__Q4-2020-.pdf,.pdf,unknown,2020.0,,963645,2026-06-14T06:35:44,7982e9f13e420ac145e4cb07ad019f982a043ffdb424beadaa830b47e42df0c8
2021__060b46c7f0__Q1E20212904-1.pdf,MoF_Web_Crawl\2021__060b46c7f0__Q1E20212904-1.pdf,E:\47\471\New Papers\Transforming AI-Driven Solutions\Codes\Data\MoF_Web_Crawl\2021__060b46c7f0__Q1E20212904-1.pdf,.pdf,unknown,2021.0,,3668666,2026-06-14T06:35:43,f6c31a81451dd7917c3cdba8ecc5f2c5798c459652673d7bf55d686859f87ca3
2021__1026e94192__Q2E2021-210802.pdf,MoF_Web_Crawl\2021__1026e94192__Q2E2021-210802.pdf,E:\47\471\New Papers\Transforming AI-Driven Solutions\Codes\Data\MoF_Web_Crawl\2021__1026e94192__Q2E2021-210802.pdf,.pdf,unknown,2021.0,,3141078,2026-06-14T06:35:40,35110dd060bcafaed0b04acb4062351da37de66aabf27b6997e10232f73d32c6
2021__1e2c970b36__Q4E_2021.pdf,MoF_Web_Crawl\2021__1e2c970b36__Q4E_2021.pdf,E:\47\471\New Papers\Transforming AI-Driven Solutions\Codes\Data\MoF_Web_Crawl\2021__1e2c970b36__Q4E_2021.pdf,.pdf,unknown,2021.0,,2509607,2026-06-14T06:35:34,063612f2013956ee2952b20bccadede2059f33fa33674444c51ed6fcfb1085d3
2021__2009784b62__infoE_Q3-2021.pdf,MoF_Web_Crawl\2021__2009784b62__infoE_Q3-2021.pdf,E:\47\471\New Papers\Transforming AI-Driven Solutions\Codes\Data\MoF_Web_Crawl\2021__2009784b62__infoE_Q3-2021.pdf,.pdf,infographic_or_visual_summary,2021.0,,975119,2026-06-14T06:35:38,3ca901f95c49fe0b817bae9f512b96e55955db77ff7d5964d43dbc3cd653cc04
2021__30ca4da3e6__END_Bud-Eng_2021.pdf,MoF_Web_Crawl\2021__30ca4da3e6__END_Bud-Eng_2021.pdf,E:\47\471\New Papers\Transforming AI-Driven Solutions\Codes\Data\MoF_Web_Crawl\2021__30ca4da3e6__END_Bud-Eng_2021.pdf,.pdf,unknown,2021.0,,1421024,2026-06-14T06:35:33,3ea0f7c386f7e99a01f662c8cfb36e827da0f6ac8b47ab8d41d8aeacc7eb96ee
2021__55091094cd__infoE_Q4-2021.pdf,MoF_Web_Crawl\2021__55091094cd__infoE_Q4-2021.pdf,E:\47\471\New Papers\Transforming AI-Driven Solutions\Codes\Data\MoF_Web_Crawl\2021__55091094cd__infoE_Q4-2021.pdf,.pdf,infographic_or_visual_summary,2021.0,,590110,2026-06-14T06:35:35,a2057f27ba12fa7ca196529728d76f55e9337e479e9d31e8069ee4155c28e0d0
2021__83f8afd3b0__infoE_Q2_2021.pdf,MoF_Web_Crawl\2021__83f8afd3b0__infoE_Q2_2021.pdf,E:\47\471\New Papers\Transforming AI-Driven Solutions\Codes\Data\MoF_Web_Crawl\2021__83f8afd3b0__infoE_Q2_2021.pdf,.pdf,infographic_or_visual_summary,2021.0,,814435,2026-06-14T06:35:41,500c38f1e89abd74dad7d5935115c015f15d23bf6aed659734afce151beedcd7
2021__e8acc5e046__Q3E_2021.pdf,MoF_Web_Crawl\2021__e8acc5e046__Q3E_2021.pdf,E:\47\471\New Papers\Transforming AI-Driven Solutions\Codes\Data\MoF_Web_Crawl\2021__e8acc5e046__Q3E_2021.pdf,.pdf,unknown,2021.0,,3141591,2026-06-14T06:35:37,b42e2f65e7d15f66d94c7079a655b6e639b74e7df2276d71f001320e3bcfa367
2021__e91834667b__Mid-Bud-En_2021.pdf,MoF_Web_Crawl\2021__e91834667b__Mid-Bud-En_2021.pdf,E:\47\471\New Papers\Transforming AI-Driven Solutions\Codes\Data\MoF_Web_Crawl\2021__e91834667b__Mid-Bud-En_2021.pdf,.pdf,unknown,2021.0,,1691004,2026-06-14T06:35:39,48ca5d2cf8e8655d7a37a9c8cfbe7b3c28105b93e01158903dde920589872b2f
2022__2b575b84a6__Q1E_2022-MOF.pdf,MoF_Web_Crawl\2022__2b575b84a6__Q1E_2022-MOF.pdf,E:\47\471\New Papers\Transforming AI-Driven Solutions\Codes\Data\MoF_Web_Crawl\2022__2b575b84a6__Q1E_2022-MOF.pdf,.pdf,unknown,2022.0,,3339859,2026-06-14T06:35:31,0e8fbff762d329c05c1fc3fc9b90e0bd4dbf1f07324de47d60f307d76678075a
2022__6f3910b2d8__Q2E2022.pdf,MoF_Web_Crawl\2022__6f3910b2d8__Q2E2022.pdf,E:\47\471\New Papers\Transforming AI-Driven Solutions\Codes\Data\MoF_Web_Crawl\2022__6f3910b2d8__Q2E2022.pdf,.pdf,unknown,2022.0,,3443091,2026-06-14T06:35:28,9396a2a37821b9804bfec62882ef78402f3cd65fdbcb73f67008cf552be1ecc3
2022__8d5715b81d__Quarterly_Budget_Performance_Report_Q1_2021.xlsx,MoF_Web_Crawl\2022__8d5715b81d__Quarterly_Budget_Performance_Report_Q1_2021.xlsx,E:\47\471\New Papers\Transforming AI-Driven Solutions\Codes\Data\MoF_Web_Crawl\2022__8d5715b81d__Quarterly_Budget_Performance_Report_Q1_2021.xlsx,.xlsx,budget_performance_report,2022.0,,248972,2026-06-14T06:35:32,8edf985ea057843bccc812e75e542ed16e072e551f2ca6dc0d134f545f01aa98
2022__9395abcacb__Quarterly_Budget_Performance_Report_Q3_2022.xlsx,MoF_Web_Crawl\2022__9395abcacb__Quarterly_Budget_Performance_Report_Q3_2022.xlsx,E:\47\471\New Papers\Transforming AI-Driven Solutions\Codes\Data\MoF_Web_Crawl\2022__9395abcacb__Quarterly_Budget_Performance_Report_Q3_2022.xlsx,.xlsx,budget_performance_report,2022.0,,187658,2026-06-14T06:35:26,b4d12a74e619cb2343f16a110f3a56af86aa312d38f8c147590071cf711c0de3
2022__d4ec4a3d9f__Mid-Bud_2022-En.pdf,MoF_Web_Crawl\2022__d4ec4a3d9f__Mid-Bud_2022-En.pdf,E:\47\471\New Papers\Transforming AI-Driven Solutions\Codes\Data\MoF_Web_Crawl\2022__d4ec4a3d9f__Mid-Bud_2022-En.pdf,.pdf,unknown,2022.0,,1524662,2026-06-14T06:35:27,0edfde735e92a34b1b6380d7225ee39eb3d7eb3dabfe1eca428924078f615c02
2022__e03a55b441__END_Bud-E_2022.pdf,MoF_Web_Crawl\2022__e03a55b441__END_Bud-E_2022.pdf,E:\47\471\New Papers\Transforming AI-Driven Solutions\Codes\Data\MoF_Web_Crawl\2022__e03a55b441__END_Bud-E_2022.pdf,.pdf,unknown,2022.0,,932714,2026-06-14T06:35:21,02f4aabff149a670549eb0f718de4b54ba4fb85d18836165b1985f764c255da2
2022__eefc25967d__Q3E2022.pdf,MoF_Web_Crawl\2022__eefc25967d__Q3E2022.pdf,E:\47\471\New Papers\Transforming AI-Driven Solutions\Codes\Data\MoF_Web_Crawl\2022__eefc25967d__Q3E2022.pdf,.pdf,unknown,2022.0,,3455088,2026-06-14T06:35:25,e33570a9cd7a8a29077d18579cc8ee6b21665816a6b96e7f770c559d98135383
2022__End-Year_Annual__09d150a7c6__Quarterly_Budget__Performance_Report_Q2_2022_final.xlsx,MoF_Web_Crawl\2022__End-Year_Annual__09d150a7c6__Quarterly_Budget__Performance_Report_Q2_2022_final.xlsx,E:\47\471\New Papers\Transforming AI-Driven Solutions\Codes\Data\MoF_Web_Crawl\2022__End-Year_Annual__09d150a7c6__Quarterly_Budget__Performance_Report_Q2_2022_final.xlsx,.xlsx,budget_performance_report,2022.0,End-Year/Annual,243434,2026-06-14T06:35:29,1009f9c5735a10ea7e9980ae2e84a1155d86cfb9dcfdb1924bb7fd0f83801d1c
2022__f8ab4c97b2__Quarterly_Budget_Performance_Report_Q4_2022.xlsx,MoF_Web_Crawl\2022__f8ab4c97b2__Quarterly_Budget_Performance_Report_Q4_2022.xlsx,E:\47\471\New Papers\Transforming AI-Driven Solutions\Codes\Data\MoF_Web_Crawl\2022__f8ab4c97b2__Quarterly_Budget_Performance_Report_Q4_2022.xlsx,.xlsx,budget_performance_report,2022.0,,149651,2026-06-14T06:35:23,88426432ee24926c79d72d31cca91bdf1db43b18e1033104f13838c415335b68
2022__Q4__7c381308ab__Q4_E_2022.pdf,MoF_Web_Crawl\2022__Q4__7c381308ab__Q4_E_2022.pdf,E:\47\471\New Papers\Transforming AI-Driven Solutions\Codes\Data\MoF_Web_Crawl\2022__Q4__7c381308ab__Q4_E_2022.pdf,.pdf,unknown,2022.0,,3273053,2026-06-14T06:35:22,f11d8e1edfadbec1ba522f76d4a048bf85b9edcbffaba7a4d3214bd0ed5bc0ac
2023__02e4cfad2a__Mid-Bud-E_2023_F.pdf,MoF_Web_Crawl\2023__02e4cfad2a__Mid-Bud-E_2023_F.pdf,E:\47\471\New Papers\Transforming AI-Driven Solutions\Codes\Data\MoF_Web_Crawl\2023__02e4cfad2a__Mid-Bud-E_2023_F.pdf,.pdf,unknown,2023.0,,1575326,2026-06-14T06:35:11,71d9615d3867ebf0e13070c78f22395e050e5f5daea95b144f1fd288e1d5a862
2023__0586a660ef__Q1E_2023.pdf,MoF_Web_Crawl\2023__0586a660ef__Q1E_2023.pdf,E:\47\471\New Papers\Transforming AI-Driven Solutions\Codes\Data\MoF_Web_Crawl\2023__0586a660ef__Q1E_2023.pdf,.pdf,unknown,2023.0,,1394967,2026-06-14T06:35:04,383e80b7492a77ffdd308a62b81590d54cb79e6af6fedf772b1ad06a3d742e81
2023__1d00335273__Q4E_2023-140224.pdf,MoF_Web_Crawl\2023__1d00335273__Q4E_2023-140224.pdf,E:\47\471\New Papers\Transforming AI-Driven Solutions\Codes\Data\MoF_Web_Crawl\2023__1d00335273__Q4E_2023-140224.pdf,.pdf,unknown,2023.0,,1476199,2026-06-14T06:35:16,8fdbb4b9e29713dadfb0cb66de1c315a83772a0825635bad80d4ef71a7dcc820
2023__2205d9bc7b__infoE_Q4-2023_140224.pdf,MoF_Web_Crawl\2023__2205d9bc7b__infoE_Q4-2023_140224.pdf,E:\47\471\New Papers\Transforming AI-Driven Solutions\Codes\Data\MoF_Web_Crawl\2023__2205d9bc7b__infoE_Q4-2023_140224.pdf,.pdf,infographic_or_visual_summary,2023.0,,570709,2026-06-14T06:35:18,d7558b8fb67622587d233af0269e89675aebf185f8a31f750534d8ef055c5495
2023__2447c0413f__Quarterly_Budget_Performance_Report_Q1_2023.xlsx,MoF_Web_Crawl\2023__2447c0413f__Quarterly_Budget_Performance_Report_Q1_2023.xlsx,E:\47\471\New Papers\Transforming AI-Driven Solutions\Codes\Data\MoF_Web_Crawl\2023__2447c0413f__Quarterly_Budget_Performance_Report_Q1_2023.xlsx,.xlsx,budget_performance_report,2023.0,,221859,2026-06-14T06:35:05,ca3b02390734746828aafdb87b9144ca2240fdddf506d0c5faecb2aa760f933b
2023__42c405f32a__infoE_Q2-2023F.pdf,MoF_Web_Crawl\2023__42c405f32a__infoE_Q2-2023F.pdf,E:\47\471\New Papers\Transforming AI-Driven Solutions\Codes\Data\MoF_Web_Crawl\2023__42c405f32a__infoE_Q2-2023F.pdf,.pdf,infographic_or_visual_summary,2023.0,,1307865,2026-06-14T06:35:10,c0223334b038b6d4ac2269c3365da2fc53614b50f0e9c73081554047582b034f
2023__54c1082d9f__infoE_Q3-2023.pdf,MoF_Web_Crawl\2023__54c1082d9f__infoE_Q3-2023.pdf,E:\47\471\New Papers\Transforming AI-Driven Solutions\Codes\Data\MoF_Web_Crawl\2023__54c1082d9f__infoE_Q3-2023.pdf,.pdf,infographic_or_visual_summary,2023.0,,868201,2026-06-14T06:35:15,93f735efd25cba72bbcc4430aa22c7dbf0872b907f9831dcd721175ca3dada68
2023__5c025d9a14__infoE_Until_Q4-2023_140224.pdf,MoF_Web_Crawl\2023__5c025d9a14__infoE_Until_Q4-2023_140224.pdf,E:\47\471\New Papers\Transforming AI-Driven Solutions\Codes\Data\MoF_Web_Crawl\2023__5c025d9a14__infoE_Until_Q4-2023_140224.pdf,.pdf,infographic_or_visual_summary,2023.0,,569796,2026-06-14T06:35:19,5c93e9c6298d9aad9122fbea04697a959245441a48894ee864068431c2fec5ad
2023__7fe52a02ba__infoE_Q1-2023.pdf,MoF_Web_Crawl\2023__7fe52a02ba__infoE_Q1-2023.pdf,E:\47\471\New Papers\Transforming AI-Driven Solutions\Codes\Data\MoF_Web_Crawl\2023__7fe52a02ba__infoE_Q1-2023.pdf,.pdf,infographic_or_visual_summary,2023.0,,505659,2026-06-14T06:35:06,2df3d8e3e3090d8b618c5f069174a536050f6841a7656621c302f312ec4cd4a0
2023__827615584c__END-Bud-E_2023_F2.pdf,MoF_Web_Crawl\2023__827615584c__END-Bud-E_2023_F2.pdf,E:\47\471\New Papers\Transforming AI-Driven Solutions\Codes\Data\MoF_Web_Crawl\2023__827615584c__END-Bud-E_2023_F2.pdf,.pdf,unknown,2023.0,,2043729,2026-06-14T06:35:20,406cfa2ce312359012e58b340414c098e5643959720cd23053602919a7d74240
2023__82b22e496b__Quarterly_Budget__Performance_Report_Q2_2023.xlsx,MoF_Web_Crawl\2023__82b22e496b__Quarterly_Budget__Performance_Report_Q2_2023.xlsx,E:\47\471\New Papers\Transforming AI-Driven Solutions\Codes\Data\MoF_Web_Crawl\2023__82b22e496b__Quarterly_Budget__Performance_Report_Q2_2023.xlsx,.xlsx,budget_performance_report,2023.0,,532571,2026-06-14T06:35:09,7c7fabbf99f4c212109ac6f80e12080de330555adbd4c6797f26a9dccae16baa
2023__a32aa7192c__Q2E_2023_F.pdf,MoF_Web_Crawl\2023__a32aa7192c__Q2E_2023_F.pdf,E:\47\471\New Papers\Transforming AI-Driven Solutions\Codes\Data\MoF_Web_Crawl\2023__a32aa7192c__Q2E_2023_F.pdf,.pdf,unknown,2023.0,,5796099,2026-06-14T06:35:08,b5a7b17b4d4b3086c419709f46c56aa74658f6c03e8bbb71759c3e24d30feeba
2023__e550336ebc__Q3E_2023.pdf,MoF_Web_Crawl\2023__e550336ebc__Q3E_2023.pdf,E:\47\471\New Papers\Transforming AI-Driven Solutions\Codes\Data\MoF_Web_Crawl\2023__e550336ebc__Q3E_2023.pdf,.pdf,unknown,2023.0,,1997764,2026-06-14T06:35:13,055743e5e27b4af7532a7ebbc17fcd8775b05dc054a9670fd61cd64739145199
2023__Q3__de70d89bb6__Q3-2023_Quarterly_Budget_Performance_Tables.xlsx,MoF_Web_Crawl\2023__Q3__de70d89bb6__Q3-2023_Quarterly_Budget_Performance_Tables.xlsx,E:\47\471\New Papers\Transforming AI-Driven Solutions\Codes\Data\MoF_Web_Crawl\2023__Q3__de70d89bb6__Q3-2023_Quarterly_Budget_Performance_Tables.xlsx,.xlsx,budget_performance_report,2023.0,,282170,2026-06-14T06:35:14,76d13a98691001ee451c0d9a54ccff9619aa6a597f8abbf3bb6b3f5227db4009
2023__Q4__05b025b90b__Q4-2023_Quarterly_Budget_Performance_Table_Final.xlsx,MoF_Web_Crawl\2023__Q4__05b025b90b__Q4-2023_Quarterly_Budget_Performance_Table_Final.xlsx,E:\47\471\New Papers\Transforming AI-Driven Solutions\Codes\Data\MoF_Web_Crawl\2023__Q4__05b025b90b__Q4-2023_Quarterly_Budget_Performance_Table_Final.xlsx,.xlsx,budget_performance_report,2023.0,,456470,2026-06-14T06:35:17,cfa3df04cd896903023a570caf6c6d002c17a43953c03feba743a5e16074d6db
2024__4689dc78ff__Q1E_2024-_F.pdf,MoF_Web_Crawl\2024__4689dc78ff__Q1E_2024-_F.pdf,E:\47\471\New Papers\Transforming AI-Driven Solutions\Codes\Data\MoF_Web_Crawl\2024__4689dc78ff__Q1E_2024-_F.pdf,.pdf,unknown,2024.0,,1017689,2026-06-14T06:34:48,129d568f64c1d5ee6211898ec1b648d426659f4703a3499d5340a68fe9ef70fa
2024__4a7b99b36f__Copy_of_Quarterly_Budget_Performance_Report_Q1_2024-V12.xlsx,MoF_Web_Crawl\2024__4a7b99b36f__Copy_of_Quarterly_Budget_Performance_Report_Q1_2024-V12.xlsx,E:\47\471\New Papers\Transforming AI-Driven Solutions\Codes\Data\MoF_Web_Crawl\2024__4a7b99b36f__Copy_of_Quarterly_Budget_Performance_Report_Q1_2024-V12.xlsx,.xlsx,budget_performance_report,2024.0,,1129,2026-06-14T06:34:49,70000ae8165f290a8707e852ffc6bed533d9673c5cd232d2e377b450ad75adfd
2024__51b69074c0__infoE_Q1-2024_0505.pdf,MoF_Web_Crawl\2024__51b69074c0__infoE_Q1-2024_0505.pdf,E:\47\471\New Papers\Transforming AI-Driven Solutions\Codes\Data\MoF_Web_Crawl\2024__51b69074c0__infoE_Q1-2024_0505.pdf,.pdf,infographic_or_visual_summary,2024.0,,816889,2026-06-14T06:34:50,6ae068bb992f1e6c30609196b3efef0a0977438abeb9e4cfc8ca27c3be2188b5
2024__5b144da4bd__Quarterly_Budget_Performance_Report_Q3_2024.xlsx,MoF_Web_Crawl\2024__5b144da4bd__Quarterly_Budget_Performance_Report_Q3_2024.xlsx,E:\47\471\New Papers\Transforming AI-Driven Solutions\Codes\Data\MoF_Web_Crawl\2024__5b144da4bd__Quarterly_Budget_Performance_Report_Q3_2024.xlsx,.xlsx,budget_performance_report,2024.0,,323991,2026-06-14T06:34:57,c28c7fb0551fc3277a0378e331bb58eb3bf1cbcd978a966d1ba3cf4a12a931de
2024__942e3588c8__infoE_Q3-2024_F.pdf,MoF_Web_Crawl\2024__942e3588c8__infoE_Q3-2024_F.pdf,E:\47\471\New Papers\Transforming AI-Driven Solutions\Codes\Data\MoF_Web_Crawl\2024__942e3588c8__infoE_Q3-2024_F.pdf,.pdf,infographic_or_visual_summary,2024.0,,814461,2026-06-14T06:34:58,1af1bd9e4347ac69bd50e96ff74e7f8720ee193eb812320f45c6fa847af5fb03
2024__d9033a1e15__Quarterly_Budget_Performance_Report_Q4_2024.xlsx,MoF_Web_Crawl\2024__d9033a1e15__Quarterly_Budget_Performance_Report_Q4_2024.xlsx,E:\47\471\New Papers\Transforming AI-Driven Solutions\Codes\Data\MoF_Web_Crawl\2024__d9033a1e15__Quarterly_Budget_Performance_Report_Q4_2024.xlsx,.xlsx,budget_performance_report,2024.0,,339903,2026-06-14T06:35:00,0015bfb0c89645cb1c7bf04b826ac1cefbfa36089d2f0b644c3c6cd19a4ff651
2024__e0efe85604__Mid-Bud-E_2024_F.pdf,MoF_Web_Crawl\2024__e0efe85604__Mid-Bud-E_2024_F.pdf,E:\47\471\New Papers\Transforming AI-Driven Solutions\Codes\Data\MoF_Web_Crawl\2024__e0efe85604__Mid-Bud-E_2024_F.pdf,.pdf,unknown,2024.0,,2455727,2026-06-14T06:34:55,db3a7a362f5ddf54c91bb9f20800140d1692254258d323b15f17ab1210c07e9c
2024__e516a48435__Quarterly_Budget_Performance_Report_Q2_2024-all.xlsx,MoF_Web_Crawl\2024__e516a48435__Quarterly_Budget_Performance_Report_Q2_2024-all.xlsx,E:\47\471\New Papers\Transforming AI-Driven Solutions\Codes\Data\MoF_Web_Crawl\2024__e516a48435__Quarterly_Budget_Performance_Report_Q2_2024-all.xlsx,.xlsx,budget_performance_report,2024.0,,168391,2026-06-14T06:34:53,51bf166f66cfe032a95b206393f6227e97d025c6f6233546ebac9287baa59b19
2024__e6d5a4f402__infoE_Q2-2024.pdf,MoF_Web_Crawl\2024__e6d5a4f402__infoE_Q2-2024.pdf,E:\47\471\New Papers\Transforming AI-Driven Solutions\Codes\Data\MoF_Web_Crawl\2024__e6d5a4f402__infoE_Q2-2024.pdf,.pdf,infographic_or_visual_summary,2024.0,,807283,2026-06-14T06:34:54,f2dae5d3177111759b24ffb4af656832bd3e6eeb6973a0e771a11c4d5b5b2296
2024__e7a19bdbcc__Q2E_2024.pdf,MoF_Web_Crawl\2024__e7a19bdbcc__Q2E_2024.pdf,E:\47\471\New Papers\Transforming AI-Driven Solutions\Codes\Data\MoF_Web_Crawl\2024__e7a19bdbcc__Q2E_2024.pdf,.pdf,unknown,2024.0,,1031227,2026-06-14T06:34:52,70d0da2ca02975edcfd153f83b7dd87e0f1e2fa27ce4c98ade18d0c31a32c571
2024__ea14d15594__Q3E_2024-F.pdf,MoF_Web_Crawl\2024__ea14d15594__Q3E_2024-F.pdf,E:\47\471\New Papers\Transforming AI-Driven Solutions\Codes\Data\MoF_Web_Crawl\2024__ea14d15594__Q3E_2024-F.pdf,.pdf,unknown,2024.0,,1012800,2026-06-14T06:34:56,4ee5629947c04eb31a666a4f7d1fa6d78e8e62827cd7d01578a9f55ad431b1bb
2024__End-Year_Annual__271e72f091__END-Bud_2024_Eng_290625_FINAL.pdf,MoF_Web_Crawl\2024__End-Year_Annual__271e72f091__END-Bud_2024_Eng_290625_FINAL.pdf,E:\47\471\New Papers\Transforming AI-Driven Solutions\Codes\Data\MoF_Web_Crawl\2024__End-Year_Annual__271e72f091__END-Bud_2024_Eng_290625_FINAL.pdf,.pdf,unknown,2024.0,End-Year/Annual,3674938,2026-06-14T06:35:03,69095083ec2b19acf9ab70cefeb9048dccc56126ba2470b853c968049ce864c8
2024__End-Year_Annual__5532e49c7a__Q4E_2024-_Final_En.pdf,MoF_Web_Crawl\2024__End-Year_Annual__5532e49c7a__Q4E_2024-_Final_En.pdf,E:\47\471\New Papers\Transforming AI-Driven Solutions\Codes\Data\MoF_Web_Crawl\2024__End-Year_Annual__5532e49c7a__Q4E_2024-_Final_En.pdf,.pdf,unknown,2024.0,End-Year/Annual,1054733,2026-06-14T06:34:59,b3c43e616ccd800c0a795d2a4f44e663b0bdb72af98f349eff1ca55bff7aa778
2024__End-Year_Annual__c45b1b993f__infoE_Q4-2024_Final.pdf,MoF_Web_Crawl\2024__End-Year_Annual__c45b1b993f__infoE_Q4-2024_Final.pdf,E:\47\471\New Papers\Transforming AI-Driven Solutions\Codes\Data\MoF_Web_Crawl\2024__End-Year_Annual__c45b1b993f__infoE_Q4-2024_Final.pdf,.pdf,infographic_or_visual_summary,2024.0,End-Year/Annual,1345726,2026-06-14T06:35:01,b40a2ab0f8e15cf3bb6eecb0148627de6f9ff0edb0ee4ee9c55ceedca52f12a7
2025__57ddb5efeb__info_EN_-_Q3_-_2025.pdf,MoF_Web_Crawl\2025__57ddb5efeb__info_EN_-_Q3_-_2025.pdf,E:\47\471\New Papers\Transforming AI-Driven Solutions\Codes\Data\MoF_Web_Crawl\2025__57ddb5efeb__info_EN_-_Q3_-_2025.pdf,.pdf,infographic_or_visual_summary,2025.0,,580282,2026-06-14T06:34:41,017d86b374ab8413056919a507ee3e72edec4a1942e0856b16b6bb603c9be8f0
2025__94c0df8a3f__Mid-Bud-E2025.pdf,MoF_Web_Crawl\2025__94c0df8a3f__Mid-Bud-E2025.pdf,E:\47\471\New Papers\Transforming AI-Driven Solutions\Codes\Data\MoF_Web_Crawl\2025__94c0df8a3f__Mid-Bud-E2025.pdf,.pdf,unknown,2025.0,,5338309,2026-06-14T06:34:38,836532ab97baeb3c157bbd48bfb451831ce6346666095f769ccdc20fbcb9e7e1
2025__b9bbe8b4ab__info_EN_-_Q4.pdf,MoF_Web_Crawl\2025__b9bbe8b4ab__info_EN_-_Q4.pdf,E:\47\471\New Papers\Transforming AI-Driven Solutions\Codes\Data\MoF_Web_Crawl\2025__b9bbe8b4ab__info_EN_-_Q4.pdf,.pdf,infographic_or_visual_summary,2025.0,,1869578,2026-06-14T06:34:44,b37be360e502e518f0da3783bbe2467ece68471e8515d1c5c52322dbe31ba895
2025__End-Year_Annual__6b697dac3a__Q2E_2025-_Final.pdf,MoF_Web_Crawl\2025__End-Year_Annual__6b697dac3a__Q2E_2025-_Final.pdf,E:\47\471\New Papers\Transforming AI-Driven Solutions\Codes\Data\MoF_Web_Crawl\2025__End-Year_Annual__6b697dac3a__Q2E_2025-_Final.pdf,.pdf,unknown,2025.0,End-Year/Annual,4272623,2026-06-14T06:34:35,adef4a834a16fa6e2f674d8b4df4ae47ffb8512e5b6f15a6a87e00172a1d0808
2025__End-Year_Annual__8d3c1f0d01__Q1E_2025-_Final.pdf,MoF_Web_Crawl\2025__End-Year_Annual__8d3c1f0d01__Q1E_2025-_Final.pdf,E:\47\471\New Papers\Transforming AI-Driven Solutions\Codes\Data\MoF_Web_Crawl\2025__End-Year_Annual__8d3c1f0d01__Q1E_2025-_Final.pdf,.pdf,unknown,2025.0,End-Year/Annual,4285514,2026-06-14T06:34:32,1446764e43f04d4da32cced3afacfafab5a4327a222c621a8bc392705975df36
2025__End-Year_Annual__949af29cad__infoE_Q1-2025_En_Final.pdf,MoF_Web_Crawl\2025__End-Year_Annual__949af29cad__infoE_Q1-2025_En_Final.pdf,E:\47\471\New Papers\Transforming AI-Driven Solutions\Codes\Data\MoF_Web_Crawl\2025__End-Year_Annual__949af29cad__infoE_Q1-2025_En_Final.pdf,.pdf,infographic_or_visual_summary,2025.0,End-Year/Annual,1780895,2026-06-14T06:34:33,65f623abe6b0f78357092d3dc2fa3e6b8077d367ab6dd6974339025b6ee14056
2025__End-Year_Annual__a95afc7d84__info_En_Q2-2025_Final.pdf,MoF_Web_Crawl\2025__End-Year_Annual__a95afc7d84__info_En_Q2-2025_Final.pdf,E:\47\471\New Papers\Transforming AI-Driven Solutions\Codes\Data\MoF_Web_Crawl\2025__End-Year_Annual__a95afc7d84__info_En_Q2-2025_Final.pdf,.pdf,infographic_or_visual_summary,2025.0,End-Year/Annual,1782092,2026-06-14T06:34:37,72f183649e2280f4817c951ff148986f8176758524eafe03dc0e0a93490b414b
2025__Q3__afa9220d9b__Q3_2025_-_En.pdf,MoF_Web_Crawl\2025__Q3__afa9220d9b__Q3_2025_-_En.pdf,E:\47\471\New Papers\Transforming AI-Driven Solutions\Codes\Data\MoF_Web_Crawl\2025__Q3__afa9220d9b__Q3_2025_-_En.pdf,.pdf,unknown,2025.0,,1527763,2026-06-14T06:34:40,70caf97876cf082fd7bcba9c84be4cf254dfd6bb035536fe8d4bd3b88562c977
2025__Q4__47b49b60e2__Q4_2025-_En.pdf,MoF_Web_Crawl\2025__Q4__47b49b60e2__Q4_2025-_En.pdf,E:\47\471\New Papers\Transforming AI-Driven Solutions\Codes\Data\MoF_Web_Crawl\2025__Q4__47b49b60e2__Q4_2025-_En.pdf,.pdf,unknown,2025.0,,5052026,2026-06-14T06:34:43,ace5f2c160f8e1b8d622feae788b416a9ff87be39d09a131ff77f6d56c821993
2026__End-Year_Annual__2bc2e04307__info_ENG_Q1-2026_V6_FINAL.pdf,MoF_Web_Crawl\2026__End-Year_Annual__2bc2e04307__info_ENG_Q1-2026_V6_FINAL.pdf,E:\47\471\New Papers\Transforming AI-Driven Solutions\Codes\Data\MoF_Web_Crawl\2026__End-Year_Annual__2bc2e04307__info_ENG_Q1-2026_V6_FINAL.pdf,.pdf,infographic_or_visual_summary,2026.0,End-Year/Annual,1173697,2026-06-14T06:34:47,937e92f4d6f0caf9eac82253da2ae342cb99946476ffe07af1a008969ddba65d
2026__Q1__1eb49d31ea__Q1_Eng_2026_V12_FINAL.pdf,MoF_Web_Crawl\2026__Q1__1eb49d31ea__Q1_Eng_2026_V12_FINAL.pdf,E:\47\471\New Papers\Transforming AI-Driven Solutions\Codes\Data\MoF_Web_Crawl\2026__Q1__1eb49d31ea__Q1_Eng_2026_V12_FINAL.pdf,.pdf,unknown,2026.0,,5131842,2026-06-14T06:34:46,a54d09f96269986306285d88fde79b2f672f1f2f4af5361c9eec8a699b9ea9fe
End-Year_Annual__c90be2e396__170511_Q1_Report_Final_ZZ.pdf,MoF_Web_Crawl\End-Year_Annual__c90be2e396__170511_Q1_Report_Final_ZZ.pdf,E:\47\471\New Papers\Transforming AI-Driven Solutions\Codes\Data\MoF_Web_Crawl\End-Year_Annual__c90be2e396__170511_Q1_Report_Final_ZZ.pdf,.pdf,unknown,,End-Year/Annual,551254,2026-06-14T06:36:05,7553c1efad7b38081558d42329824bdebaac5d82dcc2f43b6891086b9fe7992c
f70cf2db28__171119_infographic_q3_eng_H.pdf,MoF_Web_Crawl\f70cf2db28__171119_infographic_q3_eng_H.pdf,E:\47\471\New Papers\Transforming AI-Driven Solutions\Codes\Data\MoF_Web_Crawl\f70cf2db28__171119_infographic_q3_eng_H.pdf,.pdf,infographic_or_visual_summary,,,568401,2026-06-14T06:36:03,621ce76b4ee5e95041f71e0439e8cbe5251c2e8ada57625cd2480ca40f6743ce
Q2__87b35c19e8__Q2_English.pdf,MoF_Web_Crawl\Q2__87b35c19e8__Q2_English.pdf,E:\47\471\New Papers\Transforming AI-Driven Solutions\Codes\Data\MoF_Web_Crawl\Q2__87b35c19e8__Q2_English.pdf,.pdf,unknown,,,1596,2026-06-14T06:36:04,93891f75c8a0bab7a34f8ef39f28081d7a4926422863586f7f35d1b94eed8c17
END-Bud-E 2023 F2.pdf,PDF\Data\END-Bud-E 2023 F2.pdf,E:\47\471\New Papers\Transforming AI-Driven Solutions\Codes\Data\PDF\Data\END-Bud-E 2023 F2.pdf,.pdf,unknown,2023.0,,2043729,2026-05-16T07:08:04,406cfa2ce312359012e58b340414c098e5643959720cd23053602919a7d74240
Mid-Bud-E 2023 F.pdf,PDF\Data\Mid-Bud-E 2023 F.pdf,E:\47\471\New Papers\Transforming AI-Driven Solutions\Codes\Data\PDF\Data\Mid-Bud-E 2023 F.pdf,.pdf,unknown,2023.0,,1575326,2026-05-16T07:05:49,71d9615d3867ebf0e13070c78f22395e050e5f5daea95b144f1fd288e1d5a862
Q1E 2023.pdf,PDF\Data\Q1E 2023.pdf,E:\47\471\New Papers\Transforming AI-Driven Solutions\Codes\Data\PDF\Data\Q1E 2023.pdf,.pdf,unknown,2023.0,,1394967,2026-05-16T07:02:42,383e80b7492a77ffdd308a62b81590d54cb79e6af6fedf772b1ad06a3d742e81
Q2E 2023 F.pdf,PDF\Data\Q2E 2023 F.pdf,E:\47\471\New Papers\Transforming AI-Driven Solutions\Codes\Data\PDF\Data\Q2E 2023 F.pdf,.pdf,unknown,2023.0,,5796099,2026-05-16T07:04:13,b5a7b17b4d4b3086c419709f46c56aa74658f6c03e8bbb71759c3e24d30feeba
Q3-2023 Quarterly Budget Performance Tables.xlsx,PDF\Data\Q3-2023 Quarterly Budget Performance Tables.xlsx,E:\47\471\New Papers\Transforming AI-Driven Solutions\Codes\Data\PDF\Data\Q3-2023 Quarterly Budget Performance Tables.xlsx,.xlsx,budget_performance_report,2023.0,Q3,282170,2026-05-16T07:06:33,76d13a98691001ee451c0d9a54ccff9619aa6a597f8abbf3bb6b3f5227db4009
Q3E 2023.pdf,PDF\Data\Q3E 2023.pdf,E:\47\471\New Papers\Transforming AI-Driven Solutions\Codes\Data\PDF\Data\Q3E 2023.pdf,.pdf,unknown,2023.0,,1997764,2026-05-16T07:06:22,055743e5e27b4af7532a7ebbc17fcd8775b05dc054a9670fd61cd64739145199
Q4-2023 Quarterly Budget Performance Table_Final.xlsx,PDF\Data\Q4-2023 Quarterly Budget Performance Table_Final.xlsx,E:\47\471\New Papers\Transforming AI-Driven Solutions\Codes\Data\PDF\Data\Q4-2023 Quarterly Budget Performance Table_Final.xlsx,.xlsx,budget_performance_report,2023.0,Q4,456470,2026-05-16T07:07:15,cfa3df04cd896903023a570caf6c6d002c17a43953c03feba743a5e16074d6db
Q4E 2023-140224.pdf,PDF\Data\Q4E 2023-140224.pdf,E:\47\471\New Papers\Transforming AI-Driven Solutions\Codes\Data\PDF\Data\Q4E 2023-140224.pdf,.pdf,unknown,2023.0,,1476199,2026-05-16T07:06:57,8fdbb4b9e29713dadfb0cb66de1c315a83772a0825635bad80d4ef71a7dcc820
Quarterly Budget Performance Report_Q1_2023.xlsx,PDF\Data\Quarterly Budget Performance Report_Q1_2023.xlsx,E:\47\471\New Papers\Transforming AI-Driven Solutions\Codes\Data\PDF\Data\Quarterly Budget Performance Report_Q1_2023.xlsx,.xlsx,budget_performance_report,2023.0,,221859,2026-05-16T07:03:25,ca3b02390734746828aafdb87b9144ca2240fdddf506d0c5faecb2aa760f933b
Quarterly_Budget _Performance_Report_Q2_2023.xlsx,PDF\Data\Quarterly_Budget _Performance_Report_Q2_2023.xlsx,E:\47\471\New Papers\Transforming AI-Driven Solutions\Codes\Data\PDF\Data\Quarterly_Budget _Performance_Report_Q2_2023.xlsx,.xlsx,budget_performance_report,2023.0,,532571,2026-05-16T07:04:31,7c7fabbf99f4c212109ac6f80e12080de330555adbd4c6797f26a9dccae16baa
infoE Q1-2023.pdf,PDF\Infographic\infoE Q1-2023.pdf,E:\47\471\New Papers\Transforming AI-Driven Solutions\Codes\Data\PDF\Infographic\infoE Q1-2023.pdf,.pdf,infographic_or_visual_summary,2023.0,Q1,505659,2026-05-16T07:09:11,2df3d8e3e3090d8b618c5f069174a536050f6841a7656621c302f312ec4cd4a0
infoE Q2-2023F.pdf,PDF\Infographic\infoE Q2-2023F.pdf,E:\47\471\New Papers\Transforming AI-Driven Solutions\Codes\Data\PDF\Infographic\infoE Q2-2023F.pdf,.pdf,infographic_or_visual_summary,2023.0,Q2,1307865,2026-05-16T07:10:48,c0223334b038b6d4ac2269c3365da2fc53614b50f0e9c73081554047582b034f
infoE Q3-2023.pdf,PDF\Infographic\infoE Q3-2023.pdf,E:\47\471\New Papers\Transforming AI-Driven Solutions\Codes\Data\PDF\Infographic\infoE Q3-2023.pdf,.pdf,infographic_or_visual_summary,2023.0,Q3,868201,2026-05-16T07:11:55,93f735efd25cba72bbcc4430aa22c7dbf0872b907f9831dcd721175ca3dada68
infoE Q4-2023 140224.pdf,PDF\Infographic\infoE Q4-2023 140224.pdf,E:\47\471\New Papers\Transforming AI-Driven Solutions\Codes\Data\PDF\Infographic\infoE Q4-2023 140224.pdf,.pdf,infographic_or_visual_summary,2023.0,Q4,570709,2026-05-16T07:12:17,d7558b8fb67622587d233af0269e89675aebf185f8a31f750534d8ef055c5495
infoE Until Q4-2023 140224.pdf,PDF\Infographic\infoE Until Q4-2023 140224.pdf,E:\47\471\New Papers\Transforming AI-Driven Solutions\Codes\Data\PDF\Infographic\infoE Until Q4-2023 140224.pdf,.pdf,infographic_or_visual_summary,2023.0,Q4,569796,2026-05-16T07:12:43,5c93e9c6298d9aad9122fbea04697a959245441a48894ee864068431c2fec5ad
